"corner_place_id","google_id","name","neighborhood","website","instagram_handle","tags"
516,"ChIJQ-hJIuBbwokRRUdquw_5w5U","L'Industrie Pizzeria","Brooklyn","http://www.lindustriebk.com/","lindustriebk","{restaurant}"
11582,"ChIJI25hF09ZwokRnmmiXXONRf4","Double Chicken Please","Lower East Side","http://www.doublechickenplease.com/","doublechickenpleasenyc","{bar,restaurant}"
699,"ChIJQyFr6-FZwokRr23JK7BC7_g","Thai Diner","Little Italy","http://www.thaidiner.com/","thaidiner","{restaurant}"
8772,"ChIJ0aS81yNZwokRIk-S2YSuvls","Soothr","East Village","http://soothrnyc.com/","soothr_nyc","{restaurant}"
21236,"ChIJKb2SuKFbwokRyORCT_Xtf_s","Public Records","Brooklyn","http://publicrecords.nyc/","publicrecordsnyc","{night_club,bar,cafe,restaurant}"
2698,"ChIJwxHj5iBZwokR_pY9e5OhHNs","Book Club Bar","Alphabet City","http://www.bookclubbar.com/","bookclubbar","{book_store,cafe,bar}"
505,"ChIJWUWEmp9bwokRD6Q20axkQoc","Win Son Bakery","Brooklyn","http://winsonbrooklyn.com/",,"{bakery,bar,restaurant}"
503,"ChIJT994RulZwokRdgqQX0zc3QY","La Cabra Bakery","East Village","https://us.lacabra.com/pages/east-village","lacabracoffee","{cafe,bakery}"
1144,"ChIJw7SsU_pZwokREyGSSulF53U","Misi","Brooklyn","http://www.misinewyork.com/","misinewyork","{restaurant}"
314,"ChIJo3cQ0GxZwokRUukfD7IRfKk","Raku","SoHo","http://rakunyc.com/","rakunyc","{restaurant}"
3453,"ChIJHdUJnfpZwokR96zcINvxiUU","Eavesdrop","Greenpoint","https://www.eavesdrop.nyc/",,"{bar}"
8797,"ChIJcVcDbvVZwokRH9wq92JCQBo","Café Lyria","NoHo",,"cafelyria","{cafe}"
1152,"ChIJaQRXYuRZwokRHjAN5MkBizY","Rule of Thirds","Greenpoint","http://thirdsbk.com/","thirdsbk","{bar,restaurant}"
485,"ChIJeYoRRYNZwokRMAtxzfUoRao","MONO+MONO","East Village","http://www.monomonony.com/","monomono.nyc","{cafe,bar,restaurant}"
419,"ChIJb8Jg9pZYwokR-qHGtvSkLzs","The Metropolitan Museum of Art","Manhattan","https://www.metmuseum.org/","metmuseum","{culture}"
121459,"ChIJvTUD4LZZwokRPYqxLi7y9Kg","Bibliotheque","SoHo","https://www.bibliothequenyc.com/","bibliothequenyc","{cafe,book_store,bar}"
2362,"ChIJi7flemFZwokRDpIJuxfOGek","Devoción","Brooklyn","http://www.devocion.com/","devocionusa","{cafe}"
418,"ChIJKxDbe_lYwokRVf__s8CPn-o","The Museum of Modern Art","Midtown","https://www.moma.org/","themuseumofmodernart","{culture}"
3366,"ChIJJXCD6ltZwokRJ_cwjKQH63c","Lilia","Brooklyn","http://www.lilianewyork.com/","lilianewyork","{restaurant}"
14979,"ChIJ64q9nXNZwokRCt5KB8WXT6M","Ume","Brooklyn","http://umenewyork.com/",,"{restaurant}"
3372,"ChIJgc7fPIVZwokRQMnqTxTf_Qk","Fish Cheeks","NoHo","https://www.fishcheeksnyc.com/","fishcheeksnyc","{restaurant}"
9662,"ChIJDyCs8UNZwokRaNcdvn_c6jU","Librae Bakery","East Village","http://libraebakery.com/","libraebakery","{bakery}"
501,"ChIJD-1a9ChawokRnTSi_Et62x4","Kiki's","Chinatown","https://kikisnyc.com/","kikis_nyc","{restaurant}"
9435,"ChIJVcSnm-NYwokRnGivcMPc81Q","Tomi Jazz","Midtown East","http://www.tomijazz.com/",,"{night_club,bar,restaurant}"
1165,"ChIJbTCMl19ZwokRUohF137p9cQ","The Four Horsemen","Brooklyn","http://fourhorsemenbk.com/","fourhorsemenbk","{restaurant,bar}"
52066,"ChIJ064AVwtZwokRK_IbyKmCNBQ","La Cabra","SoHo","https://us.lacabra.com/pages/soho","lacabracoffee","{cafe,bakery}"
402,"ChIJs8MdNo9ZwokRTPUHiArLC-o","Rubirosa","Little Italy","https://www.rubirosanyc.com/","rubirosa_nyc","{restaurant}"
8594,"ChIJ_xVHVB5bwokRXZSTppGOkK4","L'Appartement 4F","Brooklyn Heights","http://www.lappartement4f.com/","lappartement4f","{bakery,bar}"
1167,"ChIJfxC19JVZwokRX2uKgQAL17c","Don Angie","West Village","http://donangie.com/","donangienyc","{restaurant}"
1945,"ChIJ5bQPhMdZwokRkTwKhVxhP1g","The High Line","Chelsea District","https://www.thehighline.org/","highlinenyc","{nature}"
1950,"ChIJ6xvs94VZwokRnT1D2lX2OTw","Prince Street Pizza","Little Italy","https://locations.princestreetpizza.com/new-york","psp_nyc","{restaurant}"
2446,"ChIJOUqatilawokRguvFSj0wX7Y","Scarr's Pizza","Chinatown","http://www.scarrspizza.com/","scarrspizza","{restaurant}"
1172,"ChIJN7sVKcJZwokRZp59H74tSFg","Antidote","Brooklyn","http://antidoteny.com/","antidote__nyc","{nature,bar,restaurant}"
2828,"ChIJgf_deP5YwokR9lClGH8WEZQ","The Center for Fiction","Fort Greene","http://www.centerforfiction.org/","center4fiction","{book_store,cafe,culture,bar}"
1677,"ChIJhzzIZWBZwokRPp4llFHtQzs","Birds of a Feather","Brooklyn","http://birdsofafeatherny.com/","birdsofafeatherbk","{restaurant}"
1140,"ChIJxwoiopRZwokRttz8Wb0-BLU","L'Artusi","West Village","http://lartusi.com/","lartusi","{bar,restaurant}"
9749,"ChIJQ1R3hKNZwokRQM4wbIrc00o","COTE Korean Steakhouse","Flatiron District","https://www.cotekoreansteakhouse.com/","cotekoreansteakhouse","{bar,restaurant}"
2746,"ChIJ58HssClawokRefq6VNIOrlY","Metrograph","Chinatown","http://metrograph.com/","metrograph","{activity,night_club,cafe,bar,restaurant}"
2756,"ChIJEwHZcZNZwokR810IgyQhoZM","Buvette","West Village","http://www.ilovebuvette.com/","buvettenyc","{cafe,bar,restaurant}"
2699,"ChIJn1K9TDJawokReSrf6lk1Xck","usagi","Brooklyn","http://usaginy.com/","usaginy","{culture,book_store,cafe}"
18352,"ChIJr7FOf5NZwokRu3CDYtzVmuQ","Via Carota","West Village","http://viacarota.com/","viacarota","{restaurant}"
18399,"ChIJp7-d8P9ZwokRtQtbCsCOCBA","Katana Kitten","West Village","http://www.katanakitten.com/","katanakitten_nyc","{bar,restaurant}"
53862,"ChIJidmaBvdZwokRpeaRMeb_rX4","Radio Bakery","Greenpoint","http://radiobakery.nyc/",,"{bakery}"
646,"ChIJM3elBidawokRJKPC55N6pQI","Mei Lai Wah","Chinatown","http://meilaiwah.com/","meilaiwahcoffeeshop","{bakery,restaurant}"
2373,"ChIJtz83BQFcwokRrUZ9HpeGOng","SEY Coffee","Brooklyn","https://sey.coffee/","seycoffee","{cafe}"
1934,"ChIJ395CMVlawokRt2oLH_8zmvI","Lucali","Brooklyn","https://www.lucali.com/",,"{restaurant}"
13980,"ChIJW3Jhm8pZwokRlWrTFhoG1BU","Sauced","Brooklyn","https://www.saucedbklyn.com/","saucedbklyn","{bar}"
9841,"ChIJ26qnT6lZwokR0M8xAaWVR0k","Gem Wine","Lower East Side","http://gem-nyc.com/",,"{bar}"
1812,"ChIJ6WooklRYwokR3qd-J59t-k0","LOS TACOS No.1","Theater District","http://www.lostacos1.com/","lostacos1","{restaurant}"
420,"ChIJ4zGFAZpYwokRGUGph3Mf37k","Central Park","Manhattan","https://www.centralparknyc.org/","centralparknyc","{nature}"
1195,"ChIJDw8CYIpZwokRm_KQDaRtTK0","Taqueria Ramirez","Greenpoint","https://taqueriaramirezbk.com/","taqueria_ramirez_","{restaurant}"
21244,"ChIJpUwuIMNZwokRBlex2HAooM0","Caffè Panna","Gramercy","https://www.caffepanna.com/","caffepanna","{cafe}"
2466,"ChIJCar0f49ZwokR6ozLV-dHNTE","Katz's Delicatessen","Lower East Side","https://katzsdelicatessen.com/",,"{restaurant}"
15324,"ChIJk1s5AIFZwokRymNr0rhKWFE","Davelle","Lower East Side","http://davellenewyork.com/","davelle.nyc","{cafe,restaurant}"
1941,"ChIJw2lMFL9ZwokRosAtly52YX4","Chelsea Market","Chelsea District","https://www.chelseamarket.com/","chelseamarketny","{destination}"
249,"ChIJDbQMBIdZwokRVS4L8B8V5SA","Attaboy","Lower East Side","http://attaboy.us/nyc","attaboy134","{bar}"
188,"ChIJuabZo6hZwokRhGPoGjo0H6k","Shukette","Chelsea District","http://www.shukettenyc.com/","shukettenyc","{restaurant}"
153,"ChIJ9Sto4ahZwokRXpWiQYiOOOo","Grace Street Coffee & Desserts","Koreatown","https://www.bygracestreet.com/","gracestreetcafe","{bakery,cafe,restaurant}"
345,"ChIJP0KOWoxZwokRmvPiQAIaH1A","Dominique Ansel Bakery","SoHo","http://www.dominiqueanselny.com/","DominiqueAnsel","{bakery,cafe,restaurant}"
11217,"ChIJ_8dmJ0lbwokRIJHQFfXiMNo","Overstory","Financial District","https://www.overstory-nyc.com/",,"{bar}"
905,"ChIJU0c2Y6lZwokRKlyc_R8HN88","Cho Dang Gol","Midtown South","https://chodanggolnyc.com/","chodanggol","{restaurant}"
10360,"ChIJb67-ZZ1ZwokRRxBYr3GlFp0","Please Don't Tell","East Village","http://www.pdtnyc.com/","pdtnyc","{bar,restaurant}"
8581,"ChIJ4Q2rG4JZwokR8TVjhflNfMk","Clinton St. Baking Company","Lower East Side","http://www.clintonstreetbaking.com/",,"{bakery,restaurant}"
121509,"ChIJp-hnIhNZwokRq1FijMduZrM","COQODAQ","Flatiron District","https://coqodaq.com/","coqodaq","{restaurant}"
15969,"ChIJM2NCGJ1ZwokRA2nCkZcz08g","MáLà Project","East Village","http://malaproject.com/",,"{bar,restaurant}"
440,"ChIJvSw_uuxZwokRwESVzh5G33s","Jeju Noodle Bar","West Village","http://jejunoodlebar.com/","jejunoodlebar","{restaurant}"
22726,"ChIJ_R0w0SRZwokRCUZlNLG9B-A","RHYTHM ZERO | GREENPOINT","Greenpoint","https://www.rhythmzeronyc.com/","rhythmzeronyc","{cafe}"
512,"ChIJA5V7V69ZwokRNI_y14Yvu-w","Paper Coffee","NoMad","https://www.madehotels.com/eat-drink","madehotels","{cafe}"
2709,"ChIJ8x4nPnRbwokRozC-WjZ0VMI","Happy Medium","Two Bridges","https://happy-medium.co/",,"{cafe}"
478,"ChIJYY-OM4RZwokRvA7ECx3HRZw","PUBLIC Hotel","Lower East Side","https://www.publichotels.com/?utm_source=local-directories&utm_medium=organic&utm_campaign=travelclick-localconnect","publichotels","{lodging}"
107629,"ChIJ49KsB19ZwokR8VwrMbECQr8","Sip&Guzzle","West Village","http://www.sipandguzzlenyc.com/","sipandguzzlenyc","{bar,restaurant}"
36,"ChIJyVOaMJtZwokRdMND4_f_L-U","Joyface","Alphabet City","http://joyface.nyc/","joyfacenyc","{bar}"
1951,"ChIJnSKGEJlZwokRQIpiCvzKzV4","Strand Book Store","East Village","https://www.strandbooks.com/","strandbookstore","{book_store,shop}"
17385,"ChIJWd7fRdZZwokRhru5tn4KsVM","Torrisi","Little Italy","https://www.torrisinyc.com/?utm_medium=Click&utm_source=GoogleMyBusiness","majorfoodgroup","{restaurant}"
397,"ChIJmZ5emqJYwokRuDz79o0coAQ","Solomon R. Guggenheim Museum","Carnegie Hill","https://www.guggenheim.org/","guggenheim","{culture}"
11889,"ChIJQT7u80BZwokR5MLuGvTsBiY","St Jardim","West Village","http://www.stjardimnyc.com/","stjardimnyc","{cafe,restaurant,bar}"
1923,"ChIJF9Du35RZwokRFGd0oc4diZs","Magnolia Bakery","West Village","http://www.magnoliabakery.com/","magnoliabakery","{bakery,restaurant}"
616,"ChIJ_abIqHtZwokRLWbw0G-lzu8","Café-Flor / Bar 21","Chelsea District","https://www.raulavilainc.com/Raul_Inc/cafe","cafeflornyc","{cafe,bar}"
10592,"ChIJ1-mW-LhbwokR7Ryv5ha-gzc","Golden Diner","Two Bridges","http://www.goldendinerny.com/","goldendinerny","{restaurant}"
1942,"ChIJN3MJ6pRYwokRiXg91flSP8Y","Whitney Museum of American Art","Meatpacking District","https://whitney.org/","whitneymuseum","{culture}"
641,"ChIJKRVIbKhZwokRBg-yFy8VlKA","Her Name is Han","Midtown South","http://www.hernameishan.com/","hernameishan","{restaurant}"
530,"ChIJUWNTySlawokRFApT4_EDvv8","Coming Soon","Chinatown","https://comingsoonnewyork.com/","comingsoonny","{shop}"
1442,"ChIJUZ0c7MpYwokRh8SiMzCXL98","The Noguchi Museum","Queens","http://www.noguchi.org/","NoguchiMuseum","{culture}"
432,"ChIJfd-PtKNZwokR-m-0kzVTgBs","Thai Villa","Chelsea","https://thaivillanyc.com/","thaivillanyc","{restaurant}"
1211,"ChIJLyS5dYRZwokRlkA0g9eijjs","Laser Wolf Brooklyn","Brooklyn","https://www.laserwolfbrooklyn.com/","laserwolf_bk","{restaurant}"
21845,"ChIJhUDJFUVZwokRkNERZsyOxWo","ARIARI","East Village","https://ariarinyc.com/","ariarinyc","{restaurant}"
222,"ChIJK_ojbpxZwokR6hv_SRNgG9Q","Cha-An","East Village","https://www.chaanteahouse.com/","chaanteahouse","{cafe,restaurant}"
48860,"ChIJaWBLA_pZwokRX2BYIIr6rwE","Moono","Midtown South","http://www.moononyc.com/","moono.nyc","{restaurant}"
8578,"ChIJw9h8wGpZwokRitJrDNaSqrg","Lysée","Flatiron District","https://www.lyseenyc.com/","lysee.nyc","{shop}"
2485,"ChIJCXoPsPRYwokRsV1MYnKBfaI","American Museum of Natural History","Upper West Side","https://www.amnh.org/",,"{culture}"
907,"ChIJ5-8q3ST2wokRUmUlDRQUb7g","Mama's TOO! Upper West Side","Bloomingdale","http://mamastoo.com/","mamas_too","{restaurant}"
55991,"ChIJJ4WSJoZZwokRJVJJaTVLn1o","Popup Bagels","Greenwich Village","https://www.popupbagels.com/","popupbagels","{bakery}"
3365,"ChIJCfLy3phZwokRYh582zJlIiA","The Nines","NoHo","http://ninesnyc.com/","thenines_nyc","{restaurant}"
1154,"ChIJETquaPVZwokRVYYGSKrg4E0","Bubby's","Tribeca","https://www.bubbys.com/","bubbys","{bar,bakery,restaurant}"
2753,"ChIJDeMIF1xZwokRoII7oV2s-HE","Land to Sea","Brooklyn","http://landtoseanyc.com/","landtoseanyc","{cafe,bar}"
9907,"ChIJR9OEk_BdwokR9Qxlpi3I1ro","Eyval","Brooklyn","http://www.eyvalnyc.com/","eyval_brooklyn","{restaurant}"
12548,"ChIJ9aMCWaxbwokRZHJGmTBxFtQ","Time Out Market New York","Brooklyn","https://www.timeoutmarket.com/newyork/","timeoutmarketnewyork","{restaurant,bar}"
2444,"ChIJo4XQ00RbwokRomqfPVik1s4","Le Dive","Chinatown","http://www.ledivenyc.com/","ledivenyc","{night_club,bar}"
8853,"ChIJP8URcY5ZwokRhFpdfNcK-FI","Sadelle's New York","SoHo","https://www.sadelles.com/?utm_medium=Click&utm_source=GoogleMyBusiness","majorfoodgroup","{restaurant}"
2711,"ChIJZyJMS5xZwokR6LR59bMP6s8","Hi-Collar","East Village","http://www.hi-collar.com/","hi_collar","{restaurant,bar}"
2703,"ChIJe8TwIpRYwokRbZVYCpL0UWo","Albertine","Upper East Side","http://www.albertine.com/","albertinebooks","{book_store,shop}"
20646,"ChIJ3453OAdZwokRja92OOKCugM","The Morgan Library & Museum","Murray Hill","https://www.themorgan.org/","themorganlibrary","{culture}"
534,"ChIJcfbyqFNZwokRUoBP92II4c0","Nami Nori","West Village","http://naminori.nyc/","naminori.nyc","{restaurant}"
1940,"ChIJxZmzO7hZwokRx2fls4uU4YU","Semma","West Village","http://semma.nyc/","semmanyc","{restaurant}"
101426,"ChIJ3dBW9_dZwokR43yOR9TxvXE","Sorate","SoHo","https://sorate.co/","sorate.co","{destination}"
623,"ChIJ3au6oIdZwokRRpuRY9nbgik","Shu Jiao Fu Zhou","Chinatown","https://www.shujiaony.com/",,"{restaurant}"
13987,"ChIJ2YwyMVhZwokRE47dTb7x1fo","OKONOMI Brooklyn","Brooklyn","https://www.okonomi.us/","okonomi_yujiramen","{restaurant}"
2374,"ChIJxwwfGoJZwokRdkYwAaTplOg","Pause Cafe","Lower East Side","http://www.pausecafenyc.com/","pausecafenyc","{cafe,restaurant}"
21794,"ChIJAQCweZxZwokRmyqYmYM3Ze8","Mountain House East Village 川山甲","East Village","https://www.szechuanmountainhouse.com/","szechuanmountainhouse","{restaurant}"
1150,"ChIJbQc9ABZZwokRMAK6C-Ekxg4","Bonnie's","Brooklyn","https://www.bonniesbrooklyn.com/","bonniesbrooklyn","{restaurant}"
139245,"ChIJ02sY7ydZwokRQNtTpmBywcc","KIJITORA","Brooklyn","https://www.kijitorabrooklyn.com/",,"{cafe}"
4347,"ChIJI3VG1kxYwokRECoJD1lSvSY","Parcelle Chinatown","Chinatown","http://www.parcellewine.com/","parcellewine","{restaurant,bar}"
2347,"ChIJqaiomQBZwokRTHOaUG7fUTs","New York Public Library - Stephen A. Schwarzman Building","Midtown South","https://www.nypl.org/locations/schwarzman","nypl","{culture}"
15968,"ChIJV8leYltbwokRj0VpRTF8wqk","Reception Bar","Chinatown","http://receptionbar.nyc/","receptionbar.nyc","{bar,night_club}"
16170,"ChIJ4-bYSvxbwokRPhLlLQFzOEo","Win Son","Brooklyn","https://winsonbrooklyn.com/",,"{restaurant}"
1953,"ChIJ7VEEjYNZwokRS0bdsXA3uyg","Russ & Daughters","Lower East Side","https://www.russanddaughters.com/","russanddaughters","{bakery,restaurant}"
14987,"ChIJW-3UoWxZwokRrli2mpfYZdo","NUBIANI","Midtown South","https://www.nubianinyc.com/","nubiani.nyc","{restaurant}"
1954,"ChIJeSToyohZwokRVHVIMsXPIUk","Little Ruby's SoHo","Little Italy","https://www.rubyscafe.com/","rubyscafe","{restaurant}"
15964,"ChIJo7aE7KVZwokROU0QFO30FLA","Patent Pending","NoMad","https://www.patentpendingnyc.com/",,"{bar}"
439,"ChIJ_RUJvZZZwokRNUEv3K4nSik","OLIO E PIÙ","West Village","https://www.olioepiu.com/","olioepiu","{restaurant}"
7121,"ChIJ8eEu0JxZwokRNFpDI_HBFmc","Raku","East Village","http://www.rakunyc.com/","rakunyc","{restaurant}"
2454,"ChIJmSvG_ZFZwokRTOFeiLXzkmA","Carbone New York","Greenwich Village","https://www.carbonenewyork.com/?utm_medium=Click&utm_source=GoogleMyBusiness","majorfoodgroup","{restaurant}"
33,"ChIJrVAECUhfwokRsoEFM0dN67Q","Elsewhere","Brooklyn","http://www.elsewherebrooklyn.com/?utm_source=google-my-business&utm_medium=organic","elsewherespace","{night_club,bar}"
15013,"ChIJeWk_ncJZwokR1QHfApa0dQo","Pranakhon","Greenwich Village","https://pranakhonnyc.com/",,"{restaurant}"
48602,"ChIJ-3ZSb5xZwokRDb2PQKNwwbU","Sake Bar Decibel","East Village","http://www.sakebardecibel.com/","sakebar.decibel","{bar}"
3357,"ChIJm7ryTglZwokRsgnJB6CDMCo","Wayan","Little Italy","http://www.wayan-nyc.com/","wayan_nyc","{restaurant}"
3326,"ChIJyW-u9iZawokRY1sHXGzZHGI","Chinese Tuxedo","Chinatown","http://www.chinesetuxedo.com/",,"{restaurant}"
3294,"ChIJ-7AOKpRZwokRMq0XnG_eehU","4 Charles Prime Rib","West Village","https://nycprimerib.com/",,"{restaurant}"
614,"ChIJi7zDhGVZwokRwoHkVROLwlk","ACRE","Greenpoint","http://acrenyc.com/","acre_nyc","{restaurant}"
114895,"ChIJ7WHiw8NZwokRcBER8ZksOJk","Duo Cafe","East Village",,,"{shop}"
15206,"ChIJL-CJmTFZwokRsPcqje_bn7w","Little Island","Manhattan","https://littleisland.org/","littleislandnyc","{nature}"
28957,"ChIJHVqM3eFZwokR8EULdHItPac","Kettl Tea","Greenpoint","http://kettl.co/",,"{bakery,cafe,restaurant}"
417,"ChIJ2ZeQHIdZwokRQHE0IoFSeus","Round K by Sol","Chinatown","https://www.roundkbysol.com/","roundk_by_sol","{restaurant,cafe,bar}"
23676,"ChIJxy0SM0xZwokR5vC0f4wVlP0","Tatiana by Kwame Onwuachi","Lincoln Square","https://www.tatiananyc.com/","tatianabychefkwame","{restaurant}"
22862,"ChIJe4VNN51ZwokROEd_MDhh1mQ","Ho Foods","East Village","http://www.hofoodsnyc.com/",,"{restaurant}"
48937,"ChIJS9OS9sNZwokRx5r2iXYAk5E","Jean's","NoHo","https://jeans.nyc/","jeanslafayette","{restaurant,bar,night_club}"
648,"ChIJ8Q2WSpJZwokRQz-bYYgEskM","Joe's Pizza","West Village","http://www.joespizzanyc.com/","joespizzanyc","{restaurant}"
11410,"ChIJfTgbIE9ZwokRdRjFE2OMZN8","Jua","Flatiron District","http://www.juanyc.com/","jua.nyc","{restaurant}"
14449,"ChIJnY19HoFZwokRfs9FwDLVRKw","The Back Room","Lower East Side","http://www.backroomnyc.com/","thebackroomnyc","{bar}"
3348,"ChIJK2mBYJNZwokRIT4oANQ6OFY","I Sodi","West Village","http://www.isodinyc.com/","ritasodi","{restaurant}"
9935,"ChIJ8U_F9b9ZwokRTaHyDKWRNSg","Pastis","West Village","https://pastisnyc.com/?utm_source=GoogleBusinessProfile&utm_medium=Website&utm_campaign=MapLabs","Esquire","{restaurant,bar}"
1966,"ChIJwaHnQI9ZwokRvlECeQqpHdg","McNally Jackson Books SoHo","SoHo","http://www.mcnallyjackson.com/","mcnallyjackson","{book_store,shop}"
1057,"ChIJBTT9YW9ZwokRGNibieZGOTk","Kimika","Little Italy","https://www.kimikanyc.com/","kimika.nyc","{restaurant}"
8004,"ChIJ1YjjIR5ZwokR64A4lzzR84g","Paquita","West Village",,,"{shop}"
3988,"ChIJ7V92JR9awokR3v7idFEG_mE","Philip Williams Posters","Tribeca","http://www.postermuseum.com/","shopify","{culture,shop}"
281136,"ChIJx2JkxxVZwokRQwS9pr0nrNk","OASES Café","Chelsea District","https://www.oasesnyc.com/","oasesnyc","{cafe,restaurant,bar}"
9870,"ChIJtx7ymGVbwokRzDZBJ8NVJz0","Place des Fêtes","Brooklyn","http://www.pdfnyc.com/","pdfbk","{bar,restaurant}"
153658,"ChIJG3thBQBZwokRo3oXWplIjsc","Gnocchi on 9th","East Village","http://gnocchinyc.com/","gnocchinyc","{restaurant}"
12684,"ChIJ22wiSIpZwokRUmlXovJnWDI","La Mercerie","SoHo","https://www.lamercerieny.com/?utm_source=GoogleBusinessProfile&utm_medium=Website&utm_campaign=MapLabs","lamercerieny","{restaurant,bar}"
7915,"ChIJofE6JSBZwokRkOG-yB0pXns","Twins Lounge","Greenpoint",,,"{bar}"
9810,"ChIJ9TpnlMtZwokRJJQ_AJbVcnY","Moonflower","West Village","http://www.moonflower.nyc/","moonflower_nyc","{bar}"
155492,"ChIJgTMBOPtbwokR1Y0sSidhvqI","Conwell Coffee Hall","Financial District","https://conwellcoffeehall.com/","conwellcoffeehall","{cafe}"
20276,"ChIJEa4-I9BbwokRhCUh5oXkWY0","PPL","Brooklyn","https://pplnyc.com/",,"{cafe}"
431,"ChIJBwGziqlZwokRb3MTH3xUt0Y","TONCHIN NEW YORK","Midtown South","https://tonchinus.com/","tonchinnewyork","{bar,restaurant}"
151928,"ChIJ3YtkUgBZwokRMd5buqhS9ps","Kisa","Lower East Side","https://www.kisaus.com/","kisarestaurant","{restaurant}"
27544,"ChIJ2Z1b4BtZwokRbAZmwR67Dyc","929","Queens","https://www.929lic.com/","929lic","{bar}"
66958,"ChIJvduhDjVZwokReg77D1pNQaQ","Bangkok Supper Club","West Village","https://www.bangkoksupperclubnyc.com/","bangkoksupperclubnyc","{restaurant,bar}"
2363,"ChIJH1KZKilZwokRYwSxtHI3_N0","Devoción","Flatiron District","http://devocion.com/","devocionusa","{cafe}"
1787,"ChIJ0SLgu3ZZwokRI7lEBkiDtJE","uluh","East Village","https://www.uluhny.com/","uluh.ny","{restaurant}"
14928,"ChIJYe9rSINZwokRw_36I8jEHzM","DASHI OKUME Brooklyn","Greenpoint","https://okume.us/",,"{bar,restaurant}"
53045,"ChIJRe064n9ZwokRyyOH9sy364Y","Bar Orai","Turtle Bay","http://instagram.com/bar.orai",,"{bar}"
20125,"ChIJnbRm-4pZwokR7Mj1KC0tlxA","Mắm","Chinatown","https://instagram.com/mam.nyc",,"{restaurant}"
17508,"ChIJK0FlVPNZwokR2waVBj-VHko","Ariston Coffee Bar","Greenwich Village","http://www.aristonflowers.com/",,"{cafe}"
13602,"ChIJUw68EZJZwokRJ15RD_T4OTw","Dante NYC","Greenwich Village","http://www.dante-nyc.com/","dantenewyorkcity","{bar,restaurant,cafe}"
2361,"ChIJ0zAa911ZwokRQlmIU8v4Kzs","Partners Coffee — Cafe & Roastery","Brooklyn","http://www.partnerscoffee.com/","partnerscoffee","{cafe}"
121105,"ChIJv2KfY_ZZwokRK8PeZMCg02g","Atelier Jolie","NoHo",,"eatoffbeat","{destination}"
1185,"ChIJCZ6p_4dZwokRitXAVOk-zvs","Wah Fung No.1 Fast Food","Chinatown","https://wahfungno1fastfood.site/",,"{restaurant}"
3306,"ChIJVyFicJ1ZwokR2oIygOmovWw","Thursday Kitchen","East Village","https://thursdaykitchen.com/","thursdaykitchen","{restaurant}"
9659,"ChIJpdaS-7pZwokRwu9BkLCdK_U","niconeco zakkaya","East Village","http://www.niconeco.com/","niconeco_zakkaya","{shop}"
96002,"ChIJATHmaWVZwokRDCLWBIoq8ZU","Ask For Janice","Greenpoint","https://www.askforjanice.nyc/","askforjanice.nyc","{bar}"
12682,"ChIJHUufNvVZwokRaO5ke5RQ46c","Bar Pisellino","West Village","http://www.barpisellino.com/","barpisellino","{bar,restaurant}"
188751,"ChIJNyH9v5xZwokR_4GmWxuWfCw","NBetween","Chelsea District","https://www.nbetween.bar/","nbetween.bar","{bar}"
2308,"ChIJmQJIxlVYwokRLgeuocVOGVU","Times Square","Theater District","https://www.timessquarenyc.org/","timessquarenyc","{destination}"
16356,"ChIJN46bC-5ZwokR1rFV0BOS4BY","Remi43 Flower & Coffee","Turtle Bay","http://www.remi43.com/",,"{cafe}"
8580,"ChIJk5I-rVdYwokREJuq-CY6pEg","Bibble & Sip","Theater District","http://bibbleandsip.com/","bibbleandsip","{bakery,cafe}"
1884,"ChIJK3vOQyNawokRXEa9errdJiU","Brooklyn Bridge","Manhattan","https://www.nyc.gov/html/dot/html/infrastructure/brooklyn-bridge.shtml",,"{destination}"
92221,"ChIJ92OsaJVZwokRsC54kf-J-3g","L’industrie Pizzeria West Village","West Village","https://www.lindustriebk.com/",,"{restaurant}"
8573,"ChIJqzhkS7dbwokRtGCdHcorPvU","Miss Ada","Fort Greene","http://www.missadanyc.com/","missadanyc","{restaurant}"
4059,"ChIJlZ1jG6NZwokRQIXt47NzppA","Good Thanks Cafe","Lower East Side","http://goodthanksnyc.com/","wix","{bar,cafe,restaurant}"
15335,"ChIJFylaePFZwokRfRdNdH7ujXI","From Lucie","East Village","http://www.fromlucie.com/","fromlucienyc","{bakery}"
8568,"ChIJx-dP1L9ZwokRUJWDOIcgTG4","Wayla","Lower East Side","https://www.waylanyc.com/","wayla.nyc","{nature,restaurant}"
8579,"ChIJcTYla4FZwokRYe11aG3tgqk","Supermoon Bakehouse","Lower East Side","https://www.supermoonbakehouse.com/","supermoonbakehouse","{bakery}"
18006,"ChIJx-bMHr1ZwokRd3i_y7F3VlE","C as in Charlie","NoHo","http://c-asincharlie.com/","c.asincharlie","{restaurant}"
236467,"ChIJvf6-ozRbwokRY7ybb9WlMLY","le gaz","Chinatown","https://legaz.cafe/","cafelegaz","{cafe}"
430,"ChIJ0QCeh5tZwokRh9J_3uvSPjU","Spot Dessert Bar","East Village","http://www.spotdessertbar.com/","spotdessertbar","{cafe,bakery,restaurant}"
106279,"ChIJG4KsHWhZwokRy8XeIPr63_8","Tigre","Lower East Side","https://tigrenyc.com/",,"{night_club,bar}"
15084,"ChIJW_WGT2BZwokRNpvZ4k3lVcs","Maison Premiere","Brooklyn","http://maisonpremiere.com/",,"{bar,restaurant}"
23669,"ChIJAbYL-YNZwokRIfs6jgmbXqg","Una Pizza Napoletana","Lower East Side","https://unapizza.com/","unapizzanapoletana","{restaurant}"
8590,"ChIJn2fZe5FZwokRKCC3Aw6ldPk","Tokyo Record Bar","Greenwich Village","https://tokyorecordbar.com/","tokyorecordbar","{restaurant}"
1043,"ChIJoR3RZyhawokRwR91d6hJvvY","Super Taste","Chinatown","http://www.noodle5888.com/",,"{restaurant}"
356,"ChIJsaYZEKZZwokRThIP62r39zQ","KazuNori: The Original Hand Roll Bar","NoMad","https://www.handrollbar.com/locations/nomad/","kazunorisushi","{restaurant}"
1191,"ChIJYzpV4SNZwokRfX0a28jsH5Y","Nura","Greenpoint","http://www.nurabk.com/","nurabrooklyn","{bar,restaurant}"
2070,"ChIJ6SmehIlYwokRaO14xlmbWZU","Levain Bakery – Original Location, 74th St, NYC","Upper West Side","https://levainbakery.com/","levainbakery","{bakery}"
4205,"ChIJYbxKJmlZwokRyaASxd_iOyw","Outer Heaven","Lower East Side","http://outerheaven.nyc/","outerheaven.nyc","{night_club,bar}"
3599,"ChIJRYx-LctZwokRUGvx8Rg1LQA","Somewhere Nowhere NYC - Lounge, Nightclub & Rooftop Pool","Chelsea District","https://www.somewherenowherenyc.com/","swnwnyc","{night_club,bar,restaurant}"
2575,"ChIJjX494pBZwokRGH620d9eYfo","Washington Square Park","Greenwich Village","https://www.nycgovparks.org/parks/washington-square-park",,"{nature}"
140306,"ChIJ72quYgBZwokRNidaRewKpUg","Mama's TOO! Pizzeria West Village","West Village","https://www.mamastoo.com/","mamas_too","{restaurant}"
59537,"ChIJdco4TKpZwokRdtg39W89yog","Culture Espresso","Midtown South","http://www.cultureespresso.com/","cultureespresso","{cafe,bakery}"
324,"ChIJ-b2RmVlZwokRpb1pwEQjss0","Grand Central Terminal","Midtown East","https://www.grandcentralterminal.com/","grandcentralnyc","{destination}"
10482,"ChIJ3dbcl41ZwokRouIrXtQ5erk","Shuka","SoHo","http://www.shukanewyork.com/","shukanyc","{restaurant}"
